"DATA No","DATE","TIME","³µËÙ","A1","A2","A3","A4","A1-----A4ID1"
0,2017/11/30,09:44:05,1.882759E+01,3,-14,-8,3143,6
1,2017/11/30,09:44:05,1.882759E+01,3,-7,-22,3138,6
2,2017/11/30,09:44:05,1.882759E+01,6,0,-27,3134,6
3,2017/11/30,09:44:05,1.882759E+01,4,3,-10,3136,6
4,2017/11/30,09:44:05,1.882759E+01,4,-9,14,3140,6
5,2017/11/30,09:44:05,1.882759E+01,2,-20,39,3144,6
6,2017/11/30,09:44:05,1.882759E+01,4,-17,51,3148,6
7,2017/11/30,09:44:05,1.882759E+01,3,0,58,3148,6
8,2017/11/30,09:44:05,1.882759E+01,0,16,61,3144,6
9,2017/11/30,09:44:05,1.882759E+01,-3,28,56,3134,6
10,2017/11/30,09:44:05,1.882759E+01,-4,30,44,3123,6
11,2017/11/30,09:44:05,1.882759E+01,-1,21,23,3111,6
12,2017/11/30,09:44:05,1.882759E+01,-1,4,4,3097,6
13,2017/11/30,09:44:05,1.882759E+01,3,-9,-16,3082,6
14,2017/11/30,09:44:05,1.882759E+01,3,-9,-30,3075,6
15,2017/11/30,09:44:05,1.882759E+01,5,3,-34,3070,6
16,2017/11/30,09:44:05,1.882759E+01,5,10,-24,3064,6
17,2017/11/30,09:44:05,1.882759E+01,3,11,-4,3056,6
18,2017/11/30,09:44:05,1.882759E+01,5,4,10,3042,6
19,2017/11/30,09:44:05,1.882759E+01,2,-5,19,3023,6
20,2017/11/30,09:44:05,1.882759E+01,3,-11,19,3004,6
21,2017/11/30,09:44:05,1.882759E+01,3,-13,12,2991,6
22,2017/11/30,09:44:05,1.882759E+01,2,-11,-2,2980,6
23,2017/11/30,09:44:05,1.882759E+01,2,-5,-20,2979,6
24,2017/11/30,09:44:05,1.882759E+01,-2,8,-33,2985,6
25,2017/11/30,09:44:05,1.882759E+01,-1,30,-40,2998,6
26,2017/11/30,09:44:05,1.882759E+01,-2,49,-35,3023,6
27,2017/11/30,09:44:05,1.882759E+01,-2,50,-20,3051,6
28,2017/11/30,09:44:05,1.882759E+01,-3,33,-3,3086,6
29,2017/11/30,09:44:05,1.882759E+01,1,11,15,3116,6
30,2017/11/30,09:44:05,1.882759E+01,23,-6,27,3135,6
31,2017/11/30,09:44:05,1.882759E+01,64,-15,38,3139,6
32,2017/11/30,09:44:05,1.882759E+01,122,-17,41,3126,6
33,2017/11/30,09:44:05,1.882759E+01,159,-10,42,3109,6
34,2017/11/30,09:44:05,1.882759E+01,211,2,41,3092,6
35,2017/11/30,09:44:05,1.882759E+01,300,15,37,3071,6
36,2017/11/30,09:44:05,1.882759E+01,436,22,31,3047,6
37,2017/11/30,09:44:05,1.882759E+01,594,22,19,3016,6
38,2017/11/30,09:44:05,1.882759E+01,791,14,1,2988,6
39,2017/11/30,09:44:05,1.882759E+01,930,8,-20,2961,6
40,2017/11/30,09:44:05,1.882759E+01,1057,1,-26,2935,6
41,2017/11/30,09:44:05,1.882759E+01,1192,-4,-23,2917,6
42,2017/11/30,09:44:05,1.882759E+01,1360,0,-19,2907,6
43,2017/11/30,09:44:05,1.882759E+01,1547,42,-21,2905,1547
44,2017/11/30,09:44:05,1.882759E+01,1750,135,-23,2907,1750
45,2017/11/30,09:44:05,1.882759E+01,1876,293,-19,2904,1876
46,2017/11/30,09:44:05,1.882759E+01,1973,415,-9,2890,1973
47,2017/11/30,09:44:05,1.882759E+01,2065,516,2,2871,2065
48,2017/11/30,09:44:05,1.882759E+01,2142,602,10,2857,2142
49,2017/11/30,09:44:05,1.882759E+01,2211,682,15,2841,2211
50,2017/11/30,09:44:05,1.882759E+01,2310,774,22,2826,2310
51,2017/11/30,09:44:05,1.882759E+01,2386,930,32,2812,2386
52,2017/11/30,09:44:05,1.882759E+01,2442,1081,33,2812,2442
53,2017/11/30,09:44:05,1.882759E+01,2460,1239,27,2820,2460
54,2017/11/30,09:44:05,1.882759E+01,2465,1387,16,2830,2465
55,2017/11/30,09:44:05,1.882759E+01,2482,1520,12,2839,2482
56,2017/11/30,09:44:05,1.882759E+01,2516,1647,21,2844,2516
57,2017/11/30,09:44:05,1.882759E+01,2549,1810,41,2851,2549
58,2017/11/30,09:44:05,1.882759E+01,2579,1953,53,2858,2579
59,2017/11/30,09:44:05,1.882759E+01,2614,2091,62,2866,2614
60,2017/11/30,09:44:05,1.882759E+01,2639,2201,71,2868,2639
61,2017/11/30,09:44:05,1.882759E+01,2642,2269,89,2862,2642
62,2017/11/30,09:44:05,1.882759E+01,2627,2303,116,2852,2627
63,2017/11/30,09:44:05,1.882759E+01,2616,2312,159,2844,2616
64,2017/11/30,09:44:05,1.882759E+01,2592,2312,202,2839,2592
65,2017/11/30,09:44:05,1.882759E+01,2564,2308,243,2832,2564
66,2017/11/30,09:44:05,1.882759E+01,2537,2305,281,2820,2537
67,2017/11/30,09:44:05,1.882759E+01,2520,2288,319,2799,2520
68,2017/11/30,09:44:05,1.882759E+01,2504,2255,368,2787,2504
69,2017/11/30,09:44:05,1.882759E+01,2487,2199,441,2780,2487
70,2017/11/30,09:44:05,1.882759E+01,2462,2150,496,2776,2462
71,2017/11/30,09:44:05,1.882759E+01,2444,2098,547,2772,2444
72,2017/11/30,09:44:05,1.882759E+01,2428,2046,596,2766,2428
73,2017/11/30,09:44:05,1.882759E+01,2422,1990,644,2760,2422
74,2017/11/30,09:44:05,1.882759E+01,2405,1936,680,2760,2405
75,2017/11/30,09:44:05,1.882759E+01,2390,1865,703,2759,2390
76,2017/11/30,09:44:05,1.882759E+01,2376,1812,720,2754,2376
77,2017/11/30,09:44:05,1.882759E+01,2371,1750,730,2740,2371
78,2017/11/30,09:44:05,1.882759E+01,2382,1683,733,2722,2382
79,2017/11/30,09:44:05,1.882759E+01,2396,1611,742,2702,2396
80,2017/11/30,09:44:05,1.882759E+01,2410,1537,747,2693,2410
81,2017/11/30,09:44:05,1.882759E+01,2415,1446,757,2688,2415
82,2017/11/30,09:44:05,1.882759E+01,2410,1368,753,2687,2410
83,2017/11/30,09:44:05,1.882759E+01,2390,1298,738,2681,2390
84,2017/11/30,09:44:05,1.882759E+01,2359,1240,731,2674,2359
85,2017/11/30,09:44:05,1.882759E+01,2328,1186,723,2673,2328
86,2017/11/30,09:44:05,1.882759E+01,2290,1127,717,2685,2290
87,2017/11/30,09:44:05,1.882759E+01,2261,1033,711,2690,2261
88,2017/11/30,09:44:05,1.882759E+01,2243,946,700,2685,2243
89,2017/11/30,09:44:05,1.882759E+01,2250,864,688,2675,2250
90,2017/11/30,09:44:05,1.882759E+01,2269,802,660,2668,2269
91,2017/11/30,09:44:05,1.882759E+01,2287,765,619,2663,2287
92,2017/11/30,09:44:05,1.882759E+01,2278,744,577,2663,2278
93,2017/11/30,09:44:05,1.882759E+01,2260,725,522,2667,2260
94,2017/11/30,09:44:05,1.882759E+01,2246,707,480,2672,2246
95,2017/11/30,09:44:05,1.882759E+01,2235,695,443,2678,2235
96,2017/11/30,09:44:05,1.882759E+01,2239,696,406,2690,2239
97,2017/11/30,09:44:05,1.882759E+01,2255,714,373,2717,2255
98,2017/11/30,09:44:05,1.882759E+01,2281,742,341,2743,2281
99,2017/11/30,09:44:05,1.882759E+01,2302,773,305,2769,2302
100,2017/11/30,09:44:05,1.882759E+01,2314,787,272,2791,2314
101,2017/11/30,09:44:05,1.882759E+01,2321,796,228,2809,2321
102,2017/11/30,09:44:05,1.882759E+01,2328,813,173,2814,2328
103,2017/11/30,09:44:05,1.882759E+01,2330,846,110,2801,2330
104,2017/11/30,09:44:05,1.882759E+01,2338,897,34,2787,2338
105,2017/11/30,09:44:05,1.882759E+01,2355,972,-92,2779,2355
106,2017/11/30,09:44:05,1.882759E+01,2373,1027,-189,2772,2373
107,2017/11/30,09:44:05,1.882759E+01,2392,1073,-232,2769,2392
108,2017/11/30,09:44:05,1.882759E+01,2405,1116,-221,2777,2405
109,2017/11/30,09:44:05,1.882759E+01,2416,1163,-184,2807,2416
110,2017/11/30,09:44:05,1.882759E+01,2434,1213,-143,2841,2434
111,2017/11/30,09:44:05,1.882759E+01,2440,1272,-50,2868,2440
112,2017/11/30,09:44:05,1.882759E+01,2443,1316,58,2887,2443
113,2017/11/30,09:44:05,1.882759E+01,2444,1356,137,2890,2444
114,2017/11/30,09:44:05,1.882759E+01,2441,1391,161,2876,2441
115,2017/11/30,09:44:05,1.882759E+01,2439,1417,173,2835,2439
116,2017/11/30,09:44:05,1.882759E+01,2442,1445,230,2793,2442
117,2017/11/30,09:44:05,1.882759E+01,2454,1490,334,2736,2454
118,2017/11/30,09:44:05,1.882759E+01,2473,1529,368,2667,2473
119,2017/11/30,09:44:05,1.882759E+01,2483,1562,349,2594,2483
120,2017/11/30,09:44:05,1.882759E+01,2484,1588,323,2520,2484
121,2017/11/30,09:44:05,1.882759E+01,2480,1602,332,2425,2480
122,2017/11/30,09:44:05,1.882759E+01,2463,1615,362,2352,2463
123,2017/11/30,09:44:05,1.882759E+01,2453,1626,374,2286,2453
124,2017/11/30,09:44:05,1.882759E+01,2440,1622,367,2226,2440
125,2017/11/30,09:44:05,1.882759E+01,2429,1610,377,2154,2429
126,2017/11/30,09:44:05,1.882759E+01,2428,1588,404,2061,2428
127,2017/11/30,09:44:05,1.882759E+01,2435,1566,412,1927,2435
128,2017/11/30,09:44:05,1.882759E+01,2454,1534,386,1814,2454
129,2017/11/30,09:44:05,1.882759E+01,2466,1505,349,1704,2466
130,2017/11/30,09:44:05,1.882759E+01,2467,1473,345,1600,2467
131,2017/11/30,09:44:05,1.882759E+01,2472,1437,341,1504,2472
132,2017/11/30,09:44:05,1.882759E+01,2469,1401,309,1421,2469
133,2017/11/30,09:44:05,1.882759E+01,2459,1365,259,1323,2459
134,2017/11/30,09:44:05,1.882759E+01,2442,1331,221,1240,2442
135,2017/11/30,09:44:05,1.882759E+01,2426,1305,192,1150,2426
136,2017/11/30,09:44:05,1.882759E+01,2413,1288,163,1049,2413
137,2017/11/30,09:44:05,1.882759E+01,2403,1268,122,935,2403
138,2017/11/30,09:44:05,1.882759E+01,2396,1241,86,809,2396
139,2017/11/30,09:44:05,1.882759E+01,2392,1209,62,634,2392
140,2017/11/30,09:44:05,1.882759E+01,2378,1175,37,489,2378
141,2017/11/30,09:44:05,1.882759E+01,2367,1150,-17,342,2367
142,2017/11/30,09:44:05,1.882759E+01,2357,1130,-67,194,2357
143,2017/11/30,09:44:05,1.882759E+01,2353,1114,-110,73,2353
144,2017/11/30,09:44:05,1.882759E+01,2358,1105,-142,16,2358
145,2017/11/30,09:44:05,1.882759E+01,2366,1102,-165,-15,2366
146,2017/11/30,09:44:05,1.882759E+01,2379,1108,-168,-3,2379
147,2017/11/30,09:44:05,1.882759E+01,2390,1124,-135,-9,2390
148,2017/11/30,09:44:05,1.882759E+01,2396,1130,-79,-10,2396
149,2017/11/30,09:44:05,1.882759E+01,2400,1130,-7,-4,2400
150,2017/11/30,09:44:05,1.882759E+01,2400,1130,58,-17,2400
151,2017/11/30,09:44:05,1.882759E+01,2401,1138,95,-3,2401
152,2017/11/30,09:44:05,1.882759E+01,2416,1152,105,6,2416
153,2017/11/30,09:44:05,1.882759E+01,2429,1169,117,18,2429
154,2017/11/30,09:44:05,1.882759E+01,2441,1179,135,34,2441
155,2017/11/30,09:44:05,1.882759E+01,2450,1187,141,46,2450
156,2017/11/30,09:44:05,1.882759E+01,2458,1197,129,71,2458
157,2017/11/30,09:44:05,1.882759E+01,2463,1215,118,112,2463
158,2017/11/30,09:44:05,1.882759E+01,2453,1236,129,137,2453
159,2017/11/30,09:44:05,1.882759E+01,2444,1268,155,151,2444
160,2017/11/30,09:44:05,1.882759E+01,2436,1292,164,155,2436
161,2017/11/30,09:44:05,1.882759E+01,2429,1316,169,148,2429
162,2017/11/30,09:44:05,1.882759E+01,2426,1339,182,139,2426
163,2017/11/30,09:44:05,1.882759E+01,2426,1369,192,125,2426
164,2017/11/30,09:44:05,1.882759E+01,2438,1399,183,106,2438
165,2017/11/30,09:44:05,1.882759E+01,2457,1430,147,86,2457
166,2017/11/30,09:44:05,1.882759E+01,2469,1441,119,68,2469
167,2017/11/30,09:44:05,1.882759E+01,2479,1436,94,48,2479
168,2017/11/30,09:44:05,1.882759E+01,2484,1424,59,27,2484
169,2017/11/30,09:44:05,1.882759E+01,2484,1413,3,4,2484
170,2017/11/30,09:44:05,1.882759E+01,2476,1402,-62,-4,2476
171,2017/11/30,09:44:05,1.882759E+01,2464,1388,-119,-5,2464
172,2017/11/30,09:44:05,1.882759E+01,2450,1371,-122,-3,2450
173,2017/11/30,09:44:05,1.882759E+01,2445,1348,-93,-3,2445
174,2017/11/30,09:44:05,1.882759E+01,2442,1325,-50,-4,2442
175,2017/11/30,09:44:05,1.882759E+01,2444,1313,-10,-2,2444
176,2017/11/30,09:44:05,1.882759E+01,2455,1312,20,-5,2455
177,2017/11/30,09:44:05,1.882759E+01,2462,1323,42,-3,2462
178,2017/11/30,09:44:05,1.882759E+01,2469,1328,40,-1,2469
179,2017/11/30,09:44:05,1.882759E+01,2473,1325,21,5,2473
180,2017/11/30,09:44:05,1.882759E+01,2474,1318,-7,20,2474
181,2017/11/30,09:44:05,1.882759E+01,2476,1313,-37,38,2476
182,2017/11/30,09:44:05,1.882759E+01,2466,1310,-61,47,2466
183,2017/11/30,09:44:05,1.882759E+01,2457,1306,-65,48,2457
184,2017/11/30,09:44:05,1.882759E+01,2449,1297,-46,35,2449
185,2017/11/30,09:44:05,1.882759E+01,2442,1283,-16,16,2442
186,2017/11/30,09:44:05,1.882759E+01,2440,1271,12,5,2440
187,2017/11/30,09:44:05,1.882759E+01,2440,1262,33,-6,2440
188,2017/11/30,09:44:05,1.882759E+01,2432,1258,51,-3,2432
189,2017/11/30,09:44:05,1.882759E+01,2426,1261,70,-1,2426
190,2017/11/30,09:44:05,1.882759E+01,2410,1267,80,-5,2410
191,2017/11/30,09:44:05,1.882759E+01,2402,1277,78,0,2402
192,2017/11/30,09:44:05,1.882759E+01,2393,1288,65,-3,2393
193,2017/11/30,09:44:05,1.882759E+01,2378,1300,49,0,2378
194,2017/11/30,09:44:05,1.882759E+01,2362,1309,33,3,2362
195,2017/11/30,09:44:05,1.882759E+01,2352,1313,11,0,2352
196,2017/11/30,09:44:05,1.882759E+01,2353,1309,-9,1,2353
197,2017/11/30,09:44:05,1.882759E+01,2361,1301,-23,0,2361
198,2017/11/30,09:44:05,1.882759E+01,2368,1291,-22,4,2368
199,2017/11/30,09:44:05,1.882759E+01,2377,1282,-12,12,2377
200,2017/11/30,09:44:05,1.882759E+01,2387,1273,-1,12,2387
201,2017/11/30,09:44:05,1.882759E+01,2397,1267,-1,6,2397
202,2017/11/30,09:44:05,1.882759E+01,2410,1264,-7,1,2410
203,2017/11/30,09:44:05,1.882759E+01,2419,1261,-13,-3,2419
204,2017/11/30,09:44:05,1.882759E+01,2425,1257,-16,-4,2425
205,2017/11/30,09:44:05,1.882759E+01,2424,1256,-18,-2,2424
206,2017/11/30,09:44:05,1.882759E+01,2419,1257,-16,-4,2419
207,2017/11/30,09:44:05,1.882759E+01,2419,1262,-12,-2,2419
208,2017/11/30,09:44:05,1.882759E+01,2417,1264,-8,-3,2417
209,2017/11/30,09:44:05,1.882759E+01,2413,1264,-5,-3,2413
210,2017/11/30,09:44:05,1.882759E+01,2405,1260,2,-1,2405
211,2017/11/30,09:44:05,1.882759E+01,2392,1255,13,0,2392
212,2017/11/30,09:44:05,1.882759E+01,2387,1249,23,1,2387
213,2017/11/30,09:44:05,1.882759E+01,2384,1246,30,1,2384
214,2017/11/30,09:44:05,1.882759E+01,2380,1245,34,-1,2380
215,2017/11/30,09:44:05,1.882759E+01,2374,1248,37,-1,2374
216,2017/11/30,09:44:05,1.882759E+01,2365,1252,38,0,2365
217,2017/11/30,09:44:05,1.882759E+01,2356,1256,31,-2,2356
218,2017/11/30,09:44:05,1.882759E+01,2349,1260,16,-1,2349
219,2017/11/30,09:44:05,1.882759E+01,2344,1270,-5,-3,2344
220,2017/11/30,09:44:05,1.882759E+01,2341,1283,-20,-2,2341
221,2017/11/30,09:44:05,1.882759E+01,2339,1299,-30,3,2339
222,2017/11/30,09:44:05,1.882759E+01,2339,1310,-31,13,2339
223,2017/11/30,09:44:05,1.882759E+01,2346,1311,-24,25,2346
224,2017/11/30,09:44:05,1.882759E+01,2359,1304,-13,26,2359
225,2017/11/30,09:44:05,1.882759E+01,2371,1287,-6,18,2371
226,2017/11/30,09:44:05,1.882759E+01,2381,1275,-4,8,2381
227,2017/11/30,09:44:05,1.882759E+01,2387,1266,-1,2,2387
228,2017/11/30,09:44:05,1.882759E+01,2399,1259,2,-2,2399
229,2017/11/30,09:44:05,1.882759E+01,2408,1254,1,-1,2408
230,2017/11/30,09:44:05,1.882759E+01,2415,1246,-2,-1,2415
231,2017/11/30,09:44:05,1.882759E+01,2414,1245,4,-2,2414
232,2017/11/30,09:44:05,1.882759E+01,2410,1251,15,-1,2410
233,2017/11/30,09:44:05,1.882759E+01,2408,1266,19,-2,2408
234,2017/11/30,09:44:05,1.882759E+01,2406,1280,12,-1,2406
235,2017/11/30,09:44:05,1.882759E+01,2404,1292,5,1,2404
236,2017/11/30,09:44:05,1.882759E+01,2405,1298,3,6,2405
237,2017/11/30,09:44:05,1.882759E+01,2399,1303,6,12,2399
238,2017/11/30,09:44:05,1.882759E+01,2396,1308,6,15,2396
239,2017/11/30,09:44:05,1.882759E+01,2395,1314,3,14,2395
240,2017/11/30,09:44:05,1.882759E+01,2396,1319,-1,7,2396
241,2017/11/30,09:44:05,1.882759E+01,2398,1319,-8,3,2398
242,2017/11/30,09:44:05,1.882759E+01,2392,1313,-9,0,2392
243,2017/11/30,09:44:05,1.882759E+01,2385,1302,-4,1,2385
244,2017/11/30,09:44:05,1.882759E+01,2384,1300,2,2,2384
245,2017/11/30,09:44:05,1.882759E+01,2383,1301,5,2,2383
246,2017/11/30,09:44:05,1.882759E+01,2382,1300,7,3,2382
247,2017/11/30,09:44:05,1.882759E+01,2375,1296,16,1,2375
248,2017/11/30,09:44:05,1.882759E+01,2360,1289,27,0,2360
249,2017/11/30,09:44:05,1.882759E+01,2352,1280,32,0,2352
250,2017/11/30,09:44:05,1.882759E+01,2346,1278,26,-1,2346
251,2017/11/30,09:44:05,1.882759E+01,2340,1274,15,-1,2340
252,2017/11/30,09:44:05,1.882759E+01,2337,1271,7,0,2337
253,2017/11/30,09:44:05,1.882759E+01,2331,1266,1,0,2331
254,2017/11/30,09:44:05,1.882759E+01,2335,1262,-4,1,2335
255,2017/11/30,09:44:05,1.882759E+01,2343,1264,-12,0,2343
256,2017/11/30,09:44:05,1.882759E+01,2357,1268,-20,0,2357
257,2017/11/30,09:44:05,1.882759E+01,2375,1277,-25,-1,2375
258,2017/11/30,09:44:05,1.882759E+01,2387,1287,-22,-1,2387
259,2017/11/30,09:44:05,1.882759E+01,2396,1297,-12,0,2396
260,2017/11/30,09:44:05,1.882759E+01,2405,1306,-2,-1,2405
261,2017/11/30,09:44:05,1.882759E+01,2413,1316,4,0,2413
262,2017/11/30,09:44:05,1.882759E+01,2424,1325,3,-1,2424
263,2017/11/30,09:44:05,1.882759E+01,2426,1335,1,0,2426
264,2017/11/30,09:44:05,1.882759E+01,2423,1341,2,2,2423
265,2017/11/30,09:44:05,1.882759E+01,2419,1343,5,9,2419
266,2017/11/30,09:44:05,1.882759E+01,2410,1340,8,18,2410
267,2017/11/30,09:44:05,1.882759E+01,2409,1336,12,25,2409
268,2017/11/30,09:44:05,1.882759E+01,2408,1332,16,28,2408
269,2017/11/30,09:44:05,1.882759E+01,2398,1328,22,27,2398
270,2017/11/30,09:44:05,1.882759E+01,2391,1323,30,21,2391
271,2017/11/30,09:44:05,1.882759E+01,2380,1320,34,14,2380
272,2017/11/30,09:44:05,1.882759E+01,2373,1322,31,9,2373
273,2017/11/30,09:44:05,1.882759E+01,2373,1340,25,4,2373
274,2017/11/30,09:44:05,1.882759E+01,2362,1393,25,0,2362
275,2017/11/30,09:44:05,1.882759E+01,2348,1469,24,-1,2348
276,2017/11/30,09:44:05,1.882759E+01,2329,1557,14,-2,2329
277,2017/11/30,09:44:05,1.882759E+01,2317,1645,-6,-2,2317
278,2017/11/30,09:44:05,1.882759E+01,2317,1736,-25,-2,2317
279,2017/11/30,09:44:05,1.882759E+01,2317,1864,-36,-1,2317
280,2017/11/30,09:44:05,1.882759E+01,2317,1975,-35,-2,2317
281,2017/11/30,09:44:05,1.882759E+01,2322,2078,-25,-2,2322
282,2017/11/30,09:44:05,1.882759E+01,2325,2170,-11,-2,2325
283,2017/11/30,09:44:05,1.882759E+01,2343,2230,8,-1,2343
284,2017/11/30,09:44:05,1.882759E+01,2366,2274,36,7,2366
285,2017/11/30,09:44:05,1.882759E+01,2385,2316,84,23,2385
286,2017/11/30,09:44:05,1.882759E+01,2400,2366,135,35,2400
287,2017/11/30,09:44:05,1.882759E+01,2407,2429,201,42,2429
288,2017/11/30,09:44:05,1.882759E+01,2406,2488,280,40,2488
289,2017/11/30,09:44:05,1.882759E+01,2393,2519,364,27,2519
290,2017/11/30,09:44:05,1.882759E+01,2364,2525,435,15,2525
291,2017/11/30,09:44:05,1.882759E+01,2341,2534,511,4,2534
292,2017/11/30,09:44:05,1.882759E+01,2316,2559,575,0,2559
293,2017/11/30,09:44:05,1.882759E+01,2289,2597,645,-1,2597
294,2017/11/30,09:44:05,1.882759E+01,2256,2636,712,-1,2636
295,2017/11/30,09:44:05,1.882759E+01,2216,2674,766,-2,2674
296,2017/11/30,09:44:05,1.882759E+01,2168,2710,824,-1,2710
297,2017/11/30,09:44:05,1.882759E+01,2127,2713,919,1,2713
298,2017/11/30,09:44:05,1.882759E+01,2092,2706,997,6,2706
299,2017/11/30,09:44:05,1.882759E+01,2055,2708,1072,16,2708
300,2017/11/30,09:44:05,1.882759E+01,2017,2730,1123,28,2730
301,2017/11/30,09:44:05,1.882759E+01,1973,2754,1166,40,2754
302,2017/11/30,09:44:05,1.882759E+01,1915,2753,1192,44,2753
303,2017/11/30,09:44:05,1.882759E+01,1857,2727,1221,44,2727
304,2017/11/30,09:44:05,1.882759E+01,1798,2709,1245,44,2709
305,2017/11/30,09:44:05,1.882759E+01,1728,2713,1277,46,2713
306,2017/11/30,09:44:05,1.882759E+01,1662,2736,1296,46,2736
307,2017/11/30,09:44:05,1.882759E+01,1588,2763,1304,44,2763
308,2017/11/30,09:44:05,1.882759E+01,1495,2788,1292,38,2788
309,2017/11/30,09:44:05,1.882759E+01,1418,2800,1267,33,2800
310,2017/11/30,09:44:05,1.882759E+01,1342,2809,1231,26,2809
311,2017/11/30,09:44:05,1.882759E+01,1265,2807,1194,20,2807
312,2017/11/30,09:44:05,1.882759E+01,1186,2795,1152,12,2795
313,2017/11/30,09:44:05,1.882759E+01,1104,2776,1121,5,2776
314,2017/11/30,09:44:05,1.882759E+01,995,2747,1088,2,2747
315,2017/11/30,09:44:05,1.882759E+01,897,2723,1048,0,2723
316,2017/11/30,09:44:05,1.882759E+01,796,2694,1013,0,2694
317,2017/11/30,09:44:05,1.882759E+01,691,2658,980,1,2658
318,2017/11/30,09:44:05,1.882759E+01,589,2623,933,1,2623
319,2017/11/30,09:44:05,1.882759E+01,484,2594,886,3,2594
320,2017/11/30,09:44:05,1.882759E+01,347,2572,840,2,2572
321,2017/11/30,09:44:05,1.882759E+01,228,2559,794,1,2559
322,2017/11/30,09:44:05,1.882759E+01,107,2555,749,1,2555
323,2017/11/30,09:44:05,1.882759E+01,33,2556,692,1,2556
324,2017/11/30,09:44:05,1.882759E+01,9,2551,637,2,2551
325,2017/11/30,09:44:05,1.882759E+01,-3,2543,596,3,2543
326,2017/11/30,09:44:05,1.882759E+01,11,2533,568,4,2533
327,2017/11/30,09:44:05,1.882759E+01,-4,2517,535,4,2517
328,2017/11/30,09:44:05,1.882759E+01,2,2509,504,3,2509
329,2017/11/30,09:44:05,1.882759E+01,6,2506,476,1,2506
330,2017/11/30,09:44:05,1.882759E+01,-3,2503,452,0,2503
331,2017/11/30,09:44:05,1.882759E+01,1,2492,429,1,2492
332,2017/11/30,09:44:05,1.882759E+01,3,2476,409,0,2476
333,2017/11/30,09:44:05,1.882759E+01,6,2471,393,1,2471
334,2017/11/30,09:44:05,1.882759E+01,9,2472,383,0,2472
335,2017/11/30,09:44:05,1.882759E+01,13,2475,371,0,2475
336,2017/11/30,09:44:05,1.882759E+01,18,2475,362,1,2475
337,2017/11/30,09:44:05,1.882759E+01,27,2476,363,1,2476
338,2017/11/30,09:44:05,1.882759E+01,32,2484,376,0,2484
339,2017/11/30,09:44:05,1.882759E+01,52,2496,394,1,2496
340,2017/11/30,09:44:05,1.882759E+01,87,2507,406,0,2507
341,2017/11/30,09:44:05,1.882759E+01,134,2512,411,0,2512
342,2017/11/30,09:44:05,1.882759E+01,172,2514,423,1,2514
343,2017/11/30,09:44:05,1.882759E+01,191,2515,439,1,2515
344,2017/11/30,09:44:05,1.882759E+01,176,2528,461,0,2528
345,2017/11/30,09:44:05,1.882759E+01,137,2550,492,0,2550
346,2017/11/30,09:44:05,1.882759E+01,94,2576,520,0,2576
347,2017/11/30,09:44:05,1.882759E+01,57,2601,550,0,2601
348,2017/11/30,09:44:05,1.882759E+01,27,2626,581,0,2626
349,2017/11/30,09:44:05,1.882759E+01,10,2648,615,0,2648
350,2017/11/30,09:44:05,1.882759E+01,8,2676,652,1,2676
351,2017/11/30,09:44:05,1.882759E+01,20,2694,702,0,2694
352,2017/11/30,09:44:05,1.882759E+01,27,2708,739,1,2708
353,2017/11/30,09:44:05,1.882759E+01,19,2716,768,1,2716
354,2017/11/30,09:44:05,1.882759E+01,5,2714,794,1,2714
355,2017/11/30,09:44:05,1.882759E+01,-2,2707,819,2,2707
356,2017/11/30,09:44:05,1.882759E+01,1,2698,844,2,2698
357,2017/11/30,09:44:05,1.882759E+01,5,2695,870,1,2695
358,2017/11/30,09:44:05,1.882759E+01,6,2698,889,2,2698
359,2017/11/30,09:44:05,1.882759E+01,4,2702,911,1,2702
360,2017/11/30,09:44:05,1.882759E+01,5,2706,935,0,2706
361,2017/11/30,09:44:05,1.882759E+01,3,2709,959,-1,2709
362,2017/11/30,09:44:05,1.882759E+01,2,2714,980,0,2714
363,2017/11/30,09:44:05,1.882759E+01,2,2719,1001,0,2719
364,2017/11/30,09:44:05,1.882759E+01,2,2723,1014,0,2723
365,2017/11/30,09:44:05,1.882759E+01,3,2727,1023,0,2727
366,2017/11/30,09:44:05,1.882759E+01,3,2724,1026,0,2724
367,2017/11/30,09:44:05,1.882759E+01,2,2716,1027,-1,2716
368,2017/11/30,09:44:05,1.882759E+01,4,2702,1024,0,2702
369,2017/11/30,09:44:05,1.882759E+01,8,2695,1019,-1,2695
370,2017/11/30,09:44:05,1.882759E+01,9,2693,1012,0,2693
371,2017/11/30,09:44:05,1.882759E+01,9,2694,1007,0,2694
372,2017/11/30,09:44:05,1.882759E+01,14,2691,1000,0,2691
373,2017/11/30,09:44:05,1.882759E+01,22,2686,992,0,2686
374,2017/11/30,09:44:05,1.882759E+01,36,2683,985,0,2683
375,2017/11/30,09:44:05,1.882759E+01,42,2687,975,0,2687
376,2017/11/30,09:44:05,1.882759E+01,38,2696,970,0,2696
377,2017/11/30,09:44:05,1.882759E+01,22,2704,965,0,2704
378,2017/11/30,09:44:05,1.882759E+01,7,2708,962,0,2708
379,2017/11/30,09:44:05,1.882759E+01,-4,2707,958,1,2707
380,2017/11/30,09:44:05,1.882759E+01,-4,2700,955,2,2700
381,2017/11/30,09:44:05,1.882759E+01,1,2698,949,1,2698
382,2017/11/30,09:44:05,1.882759E+01,1,2697,942,1,2697
383,2017/11/30,09:44:05,1.882759E+01,0,2698,935,0,2698
384,2017/11/30,09:44:05,1.882759E+01,-1,2699,928,0,2699
385,2017/11/30,09:44:05,1.882759E+01,-3,2700,923,0,2700
386,2017/11/30,09:44:05,1.882759E+01,-3,2697,921,0,2697
387,2017/11/30,09:44:05,1.882759E+01,0,2690,917,0,2690
388,2017/11/30,09:44:05,1.882759E+01,2,2683,917,0,2683
389,2017/11/30,09:44:05,1.882759E+01,3,2678,917,0,2678
390,2017/11/30,09:44:05,1.882759E+01,3,2680,918,0,2680
391,2017/11/30,09:44:05,1.882759E+01,1,2686,924,0,2686
392,2017/11/30,09:44:05,1.882759E+01,1,2694,930,0,2694
393,2017/11/30,09:44:05,1.882759E+01,3,2698,941,0,2698
394,2017/11/30,09:44:05,1.882759E+01,4,2701,951,-1,2701
395,2017/11/30,09:44:05,1.882759E+01,5,2707,959,-1,2707
396,2017/11/30,09:44:05,1.882759E+01,3,2716,965,-1,2716
397,2017/11/30,09:44:05,1.882759E+01,0,2729,970,0,2729
398,2017/11/30,09:44:05,1.882759E+01,-5,2744,970,0,2744
399,2017/11/30,09:44:05,1.882759E+01,-6,2746,966,0,2746
400,2017/11/30,09:44:05,1.882759E+01,-8,2740,965,0,2740
401,2017/11/30,09:44:05,1.882759E+01,-6,2732,965,1,2732
402,2017/11/30,09:44:05,1.882759E+01,-2,2727,965,4,2727
403,2017/11/30,09:44:05,1.882759E+01,0,2728,965,18,2728
404,2017/11/30,09:44:05,1.882759E+01,3,2728,965,35,2728
405,2017/11/30,09:44:05,1.882759E+01,4,2724,969,49,2724
406,2017/11/30,09:44:05,1.882759E+01,4,2716,979,58,2716
407,2017/11/30,09:44:05,1.882759E+01,3,2710,998,49,2710
408,2017/11/30,09:44:05,1.882759E+01,4,2712,1015,24,2712
409,2017/11/30,09:44:05,1.882759E+01,3,2724,1027,3,2724
410,2017/11/30,09:44:05,1.882759E+01,2,2750,1028,-8,2750
411,2017/11/30,09:44:05,1.882759E+01,2,2763,1021,-6,2763
412,2017/11/30,09:44:05,1.882759E+01,1,2766,1028,-4,2766
413,2017/11/30,09:44:05,1.882759E+01,1,2765,1043,-8,2765
414,2017/11/30,09:44:05,1.882759E+01,2,2768,1053,-1,2768
415,2017/11/30,09:44:05,1.882759E+01,1,2779,1051,0,2779
416,2017/11/30,09:44:05,1.882759E+01,2,2788,1041,13,2788
417,2017/11/30,09:44:05,1.882759E+01,3,2779,1034,29,2779
418,2017/11/30,09:44:05,1.882759E+01,3,2756,1030,40,2756
419,2017/11/30,09:44:05,1.882759E+01,1,2723,1023,48,2723
420,2017/11/30,09:44:05,1.882759E+01,3,2689,1021,43,2689
421,2017/11/30,09:44:05,1.882759E+01,3,2668,1027,32,2668
422,2017/11/30,09:44:05,1.882759E+01,3,2663,1036,14,2663
423,2017/11/30,09:44:05,1.882759E+01,2,2671,1033,2,2671
424,2017/11/30,09:44:05,1.882759E+01,2,2686,1027,-4,2686
425,2017/11/30,09:44:05,1.882759E+01,0,2702,1030,-7,2702
426,2017/11/30,09:44:05,1.882759E+01,0,2719,1031,-1,2719
427,2017/11/30,09:44:05,1.882759E+01,0,2735,1019,-2,2735
428,2017/11/30,09:44:05,1.882759E+01,-2,2751,1004,4,2751
429,2017/11/30,09:44:05,1.882759E+01,-2,2762,997,6,2762
430,2017/11/30,09:44:05,1.882759E+01,-1,2774,1006,3,2774
431,2017/11/30,09:44:05,1.882759E+01,-1,2779,1009,1,2779
432,2017/11/30,09:44:05,1.882759E+01,1,2781,1001,-1,2781
433,2017/11/30,09:44:05,1.882759E+01,1,2772,992,-3,2772
434,2017/11/30,09:44:05,1.882759E+01,1,2747,989,-1,2747
435,2017/11/30,09:44:05,1.882759E+01,1,2723,986,-3,2723
436,2017/11/30,09:44:05,1.882759E+01,3,2704,979,-2,2704
437,2017/11/30,09:44:05,1.882759E+01,3,2695,976,1,2695
438,2017/11/30,09:44:05,1.882759E+01,2,2695,983,8,2695
439,2017/11/30,09:44:05,1.882759E+01,2,2699,993,23,2699
440,2017/11/30,09:44:05,1.882759E+01,1,2707,1006,31,2707
441,2017/11/30,09:44:05,1.882759E+01,0,2719,1020,30,2719
442,2017/11/30,09:44:05,1.882759E+01,0,2740,1038,19,2740
443,2017/11/30,09:44:05,1.882759E+01,-1,2765,1055,8,2765
444,2017/11/30,09:44:05,1.882759E+01,-1,2788,1068,2,2788
445,2017/11/30,09:44:05,1.882759E+01,-1,2801,1077,-2,2801
446,2017/11/30,09:44:05,1.882759E+01,-1,2808,1087,1,2808
447,2017/11/30,09:44:05,1.882759E+01,-1,2812,1099,-1,2812
448,2017/11/30,09:44:05,1.882759E+01,0,2811,1100,0,2811
449,2017/11/30,09:44:05,1.882759E+01,2,2807,1095,0,2807
450,2017/11/30,09:44:05,1.882759E+01,1,2796,1090,-1,2796
451,2017/11/30,09:44:05,1.882759E+01,2,2781,1088,1,2781
452,2017/11/30,09:44:05,1.882759E+01,5,2766,1090,0,2766
453,2017/11/30,09:44:05,1.882759E+01,5,2758,1093,0,2758
454,2017/11/30,09:44:05,1.882759E+01,5,2754,1096,1,2754
455,2017/11/30,09:44:05,1.882759E+01,2,2749,1095,-2,2749
456,2017/11/30,09:44:05,1.882759E+01,-2,2746,1092,1,2746
457,2017/11/30,09:44:05,1.882759E+01,-4,2746,1086,-1,2746
458,2017/11/30,09:44:05,1.882759E+01,-1,2749,1078,-1,2749
459,2017/11/30,09:44:05,1.882759E+01,0,2757,1074,1,2757
460,2017/11/30,09:44:05,1.882759E+01,0,2758,1076,3,2758
461,2017/11/30,09:44:05,1.882759E+01,1,2763,1084,2,2763
462,2017/11/30,09:44:05,1.882759E+01,1,2774,1096,0,2774
463,2017/11/30,09:44:05,1.882759E+01,1,2792,1107,0,2792
464,2017/11/30,09:44:05,1.882759E+01,1,2819,1110,-2,2819
465,2017/11/30,09:44:05,1.882759E+01,2,2831,1106,0,2831
466,2017/11/30,09:44:05,1.882759E+01,0,2839,1101,1,2839
467,2017/11/30,09:44:05,1.882759E+01,0,2847,1097,3,2847
468,2017/11/30,09:44:05,1.882759E+01,0,2852,1093,3,2852
469,2017/11/30,09:44:05,1.882759E+01,0,2851,1093,0,2851
470,2017/11/30,09:44:05,1.882759E+01,1,2841,1099,-1,2841
471,2017/11/30,09:44:05,1.882759E+01,2,2833,1112,0,2833
472,2017/11/30,09:44:05,1.882759E+01,1,2824,1119,-1,2824
473,2017/11/30,09:44:05,1.882759E+01,-1,2816,1123,0,2816
474,2017/11/30,09:44:05,1.882759E+01,0,2810,1125,0,2810
475,2017/11/30,09:44:05,1.882759E+01,1,2804,1131,1,2804
476,2017/11/30,09:44:05,1.882759E+01,1,2806,1137,2,2806
477,2017/11/30,09:44:05,1.882759E+01,0,2809,1136,4,2809
478,2017/11/30,09:44:05,1.882759E+01,0,2813,1133,6,2813
479,2017/11/30,09:44:05,1.882759E+01,1,2816,1137,9,2816
480,2017/11/30,09:44:05,1.882759E+01,2,2816,1144,9,2816
481,2017/11/30,09:44:05,1.882759E+01,4,2821,1151,9,2821
482,2017/11/30,09:44:05,1.882759E+01,4,2831,1155,7,2831
483,2017/11/30,09:44:05,1.882759E+01,3,2841,1158,3,2841
484,2017/11/30,09:44:05,1.882759E+01,4,2850,1160,1,2850
485,2017/11/30,09:44:05,1.882759E+01,3,2858,1161,0,2858
486,2017/11/30,09:44:05,1.882759E+01,1,2861,1156,0,2861
487,2017/11/30,09:44:05,1.882759E+01,1,2858,1148,0,2858
488,2017/11/30,09:44:05,1.882759E+01,-1,2852,1143,-1,2852
489,2017/11/30,09:44:05,1.882759E+01,-2,2850,1140,0,2850
490,2017/11/30,09:44:05,1.882759E+01,-1,2850,1137,-1,2850
491,2017/11/30,09:44:05,1.882759E+01,0,2853,1137,0,2853
492,2017/11/30,09:44:05,1.882759E+01,0,2852,1141,1,2852
493,2017/11/30,09:44:05,1.882759E+01,0,2849,1151,2,2849
494,2017/11/30,09:44:05,1.882759E+01,2,2841,1161,7,2841
495,2017/11/30,09:44:05,1.882759E+01,2,2836,1172,10,2836
496,2017/11/30,09:44:05,1.882759E+01,3,2837,1180,12,2837
497,2017/11/30,09:44:05,1.882759E+01,4,2837,1183,12,2837
498,2017/11/30,09:44:05,1.882759E+01,3,2837,1184,12,2837
499,2017/11/30,09:44:05,1.882759E+01,2,2833,1183,12,2833
500,2017/11/30,09:44:05,1.882759E+01,1,2826,1181,13,2826
501,2017/11/30,09:44:05,1.882759E+01,1,2825,1182,12,2825
502,2017/11/30,09:44:05,1.882759E+01,0,2828,1182,12,2828
503,2017/11/30,09:44:05,1.882759E+01,0,2836,1181,10,2836
504,2017/11/30,09:44:05,1.882759E+01,0,2842,1177,10,2842
505,2017/11/30,09:44:05,1.882759E+01,-1,2845,1175,6,2845
506,2017/11/30,09:44:05,1.882759E+01,-2,2845,1175,4,2845
507,2017/11/30,09:44:05,1.882759E+01,-2,2841,1174,2,2841
508,2017/11/30,09:44:05,1.882759E+01,0,2837,1174,1,2837
509,2017/11/30,09:44:05,1.882759E+01,1,2834,1172,1,2834
510,2017/11/30,09:44:05,1.882759E+01,2,2831,1167,2,2831
511,2017/11/30,09:44:05,1.882759E+01,2,2827,1162,1,2827
512,2017/11/30,09:44:05,1.882759E+01,1,2818,1159,1,2818
513,2017/11/30,09:44:05,1.882759E+01,1,2810,1157,3,2810
514,2017/11/30,09:44:05,1.882759E+01,3,2804,1155,5,2804
515,2017/11/30,09:44:05,1.882759E+01,1,2802,1155,6,2802
516,2017/11/30,09:44:05,1.882759E+01,0,2801,1155,4,2801
517,2017/11/30,09:44:05,1.882759E+01,0,2799,1154,2,2799
518,2017/11/30,09:44:05,1.882759E+01,0,2790,1154,2,2790
519,2017/11/30,09:44:05,1.882759E+01,-1,2780,1154,1,2780
520,2017/11/30,09:44:05,1.882759E+01,-2,2772,1154,2,2772
521,2017/11/30,09:44:05,1.882759E+01,-2,2769,1152,2,2769
522,2017/11/30,09:44:05,1.882759E+01,-2,2769,1148,1,2769
523,2017/11/30,09:44:05,1.882759E+01,-1,2768,1140,1,2768
524,2017/11/30,09:44:05,1.882759E+01,1,2762,1131,1,2762
525,2017/11/30,09:44:05,1.882759E+01,1,2750,1124,1,2750
526,2017/11/30,09:44:05,1.882759E+01,1,2739,1118,0,2739
527,2017/11/30,09:44:05,1.882759E+01,1,2731,1109,1,2731
528,2017/11/30,09:44:05,1.882759E+01,0,2727,1101,1,2727
529,2017/11/30,09:44:05,1.882759E+01,2,2725,1097,1,2725
530,2017/11/30,09:44:05,1.882759E+01,2,2722,1098,2,2722
531,2017/11/30,09:44:05,1.882759E+01,2,2718,1099,1,2718
532,2017/11/30,09:44:05,1.882759E+01,1,2715,1099,1,2715
533,2017/11/30,09:44:05,1.882759E+01,1,2713,1098,0,2713
534,2017/11/30,09:44:05,1.882759E+01,2,2713,1098,1,2713
535,2017/11/30,09:44:05,1.882759E+01,1,2714,1097,1,2714
536,2017/11/30,09:44:05,1.882759E+01,-1,2713,1096,0,2713
537,2017/11/30,09:44:05,1.882759E+01,1,2710,1096,0,2710
538,2017/11/30,09:44:05,1.882759E+01,1,2706,1097,0,2706
539,2017/11/30,09:44:05,1.882759E+01,2,2700,1092,0,2700
540,2017/11/30,09:44:05,1.882759E+01,2,2693,1081,0,2693
541,2017/11/30,09:44:05,1.882759E+01,1,2684,1086,0,2684
542,2017/11/30,09:44:05,1.882759E+01,0,2676,1122,1,2676
543,2017/11/30,09:44:05,1.882759E+01,1,2669,1192,1,2669
544,2017/11/30,09:44:05,1.882759E+01,2,2663,1257,2,2663
545,2017/11/30,09:44:05,1.882759E+01,2,2654,1333,1,2654
546,2017/11/30,09:44:05,1.882759E+01,1,2646,1433,0,2646
547,2017/11/30,09:44:05,1.882759E+01,1,2640,1555,1,2640
548,2017/11/30,09:44:05,1.882759E+01,1,2635,1676,8,2635
549,2017/11/30,09:44:05,1.882759E+01,0,2632,1814,26,2632
550,2017/11/30,09:44:05,1.882759E+01,1,2623,1915,51,2623
551,2017/11/30,09:44:05,1.882759E+01,1,2608,1992,76,2608
552,2017/11/30,09:44:05,1.882759E+01,2,2591,2039,105,2591
553,2017/11/30,09:44:05,1.882759E+01,1,2570,2065,155,2570
554,2017/11/30,09:44:05,1.882759E+01,2,2546,2101,213,2546
555,2017/11/30,09:44:05,1.882759E+01,1,2525,2168,285,2525
556,2017/11/30,09:44:05,1.882759E+01,1,2499,2213,359,2499
557,2017/11/30,09:44:05,1.882759E+01,1,2465,2240,430,2465
558,2017/11/30,09:44:05,1.882759E+01,1,2424,2266,491,2424
559,2017/11/30,09:44:05,1.882759E+01,0,2378,2312,555,2378
560,2017/11/30,09:44:05,1.882759E+01,-1,2319,2373,604,2373
561,2017/11/30,09:44:05,1.882759E+01,0,2270,2428,654,2428
562,2017/11/30,09:44:05,1.882759E+01,1,2211,2438,699,2438
563,2017/11/30,09:44:05,1.882759E+01,1,2143,2430,742,2430
564,2017/11/30,09:44:05,1.882759E+01,1,2070,2424,783,2424
565,2017/11/30,09:44:05,1.882759E+01,1,1992,2423,833,2423
566,2017/11/30,09:44:05,1.882759E+01,3,1893,2426,875,2426
567,2017/11/30,09:44:05,1.882759E+01,4,1816,2423,920,2423
568,2017/11/30,09:44:05,1.882759E+01,2,1738,2410,968,2410
569,2017/11/30,09:44:05,1.882759E+01,3,1657,2400,1011,2400
570,2017/11/30,09:44:05,1.882759E+01,2,1573,2403,1045,2403
571,2017/11/30,09:44:05,1.882759E+01,4,1479,2419,1081,2419
572,2017/11/30,09:44:05,1.882759E+01,3,1354,2432,1111,2432
573,2017/11/30,09:44:05,1.882759E+01,3,1248,2436,1147,2436
574,2017/11/30,09:44:05,1.882759E+01,1,1135,2446,1185,2446
575,2017/11/30,09:44:05,1.882759E+01,0,1020,2478,1216,2478
576,2017/11/30,09:44:05,1.882759E+01,1,900,2523,1238,2523
577,2017/11/30,09:44:05,1.882759E+01,1,775,2551,1253,2551
578,2017/11/30,09:44:05,1.882759E+01,1,611,2550,1264,2550
579,2017/11/30,09:44:05,1.882759E+01,1,474,2529,1277,2529
580,2017/11/30,09:44:05,1.882759E+01,1,335,2520,1290,2520
581,2017/11/30,09:44:05,1.882759E+01,1,195,2515,1298,2515
582,2017/11/30,09:44:05,1.882759E+01,1,61,2510,1299,2510
583,2017/11/30,09:44:05,1.882759E+01,0,-36,2505,1293,2505
584,2017/11/30,09:44:05,1.882759E+01,1,-74,2503,1284,2503
585,2017/11/30,09:44:05,1.882759E+01,-1,-58,2513,1270,2513
586,2017/11/30,09:44:05,1.882759E+01,-4,-48,2525,1252,2525
587,2017/11/30,09:44:05,1.882759E+01,-4,-52,2533,1233,2533
588,2017/11/30,09:44:05,1.882759E+01,-5,-52,2532,1214,2532
589,2017/11/30,09:44:05,1.882759E+01,-8,-47,2522,1195,2522
590,2017/11/30,09:44:05,1.882759E+01,-14,-53,2507,1180,2507
591,2017/11/30,09:44:05,1.882759E+01,-19,-58,2487,1165,2487
592,2017/11/30,09:44:05,1.882759E+01,-16,-35,2473,1146,2473
593,2017/11/30,09:44:05,1.882759E+01,-8,26,2463,1124,2463
594,2017/11/30,09:44:05,1.882759E+01,-2,101,2459,1105,2459
595,2017/11/30,09:44:05,1.882759E+01,1,160,2464,1088,2464
596,2017/11/30,09:44:05,1.882759E+01,1,198,2469,1078,2469
597,2017/11/30,09:44:05,1.882759E+01,3,216,2474,1072,2474
598,2017/11/30,09:44:05,1.882759E+01,3,245,2472,1064,2472
599,2017/11/30,09:44:05,1.882759E+01,3,293,2469,1058,2469
600,2017/11/30,09:44:05,1.882759E+01,3,348,2463,1054,2463
601,2017/11/30,09:44:05,1.882759E+01,2,391,2454,1048,2454
602,2017/11/30,09:44:05,1.882759E+01,-4,401,2447,1047,2447
603,2017/11/30,09:44:05,1.882759E+01,-10,375,2453,1049,2453
604,2017/11/30,09:44:05,1.882759E+01,-14,338,2469,1052,2469
605,2017/11/30,09:44:05,1.882759E+01,-17,305,2485,1052,2485
606,2017/11/30,09:44:05,1.882759E+01,-17,290,2494,1051,2494
607,2017/11/30,09:44:05,1.882759E+01,-10,290,2497,1052,2497
608,2017/11/30,09:44:05,1.882759E+01,-2,292,2500,1055,2500
609,2017/11/30,09:44:05,1.882759E+01,2,286,2507,1061,2507
610,2017/11/30,09:44:05,1.882759E+01,3,274,2513,1066,2513
611,2017/11/30,09:44:05,1.882759E+01,2,268,2515,1069,2515
612,2017/11/30,09:44:05,1.882759E+01,2,275,2516,1070,2516
613,2017/11/30,09:44:05,1.882759E+01,2,278,2515,1072,2515
614,2017/11/30,09:44:05,1.882759E+01,4,246,2518,1075,2518
615,2017/11/30,09:44:05,1.882759E+01,4,184,2525,1081,2525
616,2017/11/30,09:44:05,1.882759E+01,0,100,2534,1084,2534
617,2017/11/30,09:44:05,1.882759E+01,-5,13,2543,1085,2543
618,2017/11/30,09:44:05,1.882759E+01,-6,-48,2550,1087,2550
619,2017/11/30,09:44:05,1.882759E+01,-3,-65,2557,1089,2557
620,2017/11/30,09:44:05,1.882759E+01,1,-50,2567,1093,2567
621,2017/11/30,09:44:05,1.882759E+01,3,-41,2579,1099,2579
622,2017/11/30,09:44:05,1.882759E+01,3,-41,2590,1104,2590
623,2017/11/30,09:44:05,1.882759E+01,2,-32,2597,1111,2597
624,2017/11/30,09:44:05,1.882759E+01,3,-13,2601,1122,2601
625,2017/11/30,09:44:05,1.882759E+01,4,-5,2603,1138,2603
626,2017/11/30,09:44:05,1.882759E+01,5,-17,2607,1157,2607
627,2017/11/30,09:44:05,1.882759E+01,3,-15,2615,1178,2615
628,2017/11/30,09:44:05,1.882759E+01,1,5,2625,1196,2625
629,2017/11/30,09:44:05,1.882759E+01,3,36,2637,1212,2637
630,2017/11/30,09:44:05,1.882759E+01,4,62,2646,1226,2646
631,2017/11/30,09:44:05,1.882759E+01,3,71,2654,1240,2654
632,2017/11/30,09:44:05,1.882759E+01,1,48,2662,1253,2662
633,2017/11/30,09:44:05,1.882759E+01,0,17,2672,1264,2672
634,2017/11/30,09:44:05,1.882759E+01,1,2,2682,1274,2682
635,2017/11/30,09:44:05,1.882759E+01,3,15,2688,1282,2688
636,2017/11/30,09:44:05,1.882759E+01,3,39,2689,1288,2689
637,2017/11/30,09:44:05,1.882759E+01,3,62,2691,1297,2691
638,2017/11/30,09:44:05,1.882759E+01,4,86,2694,1305,2694
639,2017/11/30,09:44:05,1.882759E+01,5,96,2700,1310,2700
640,2017/11/30,09:44:05,1.882759E+01,5,82,2706,1315,2706
641,2017/11/30,09:44:05,1.882759E+01,2,40,2715,1317,2715
642,2017/11/30,09:44:05,1.882759E+01,-2,-14,2722,1318,2722
643,2017/11/30,09:44:05,1.882759E+01,-5,-50,2721,1319,2721
644,2017/11/30,09:44:05,1.882759E+01,-4,-54,2712,1319,2712
645,2017/11/30,09:44:05,1.882759E+01,-2,-44,2701,1319,2701
646,2017/11/30,09:44:05,1.882759E+01,1,-33,2701,1319,2701
647,2017/11/30,09:44:05,1.882759E+01,3,-20,2705,1318,2705
648,2017/11/30,09:44:05,1.882759E+01,3,-1,2701,1317,2701
649,2017/11/30,09:44:05,1.882759E+01,1,6,2691,1321,2691
650,2017/11/30,09:44:05,1.882759E+01,1,-11,2684,1326,2684
651,2017/11/30,09:44:05,1.882759E+01,1,-24,2691,1328,2691
652,2017/11/30,09:44:05,1.882759E+01,3,-18,2702,1328,2702
653,2017/11/30,09:44:05,1.882759E+01,4,4,2708,1326,2708
654,2017/11/30,09:44:05,1.882759E+01,3,33,2707,1325,2707
655,2017/11/30,09:44:05,1.882759E+01,3,66,2705,1325,2705
656,2017/11/30,09:44:05,1.882759E+01,2,105,2702,1325,2702
657,2017/11/30,09:44:05,1.882759E+01,2,116,2704,1327,2704
658,2017/11/30,09:44:05,1.882759E+01,1,103,2708,1329,2708
659,2017/11/30,09:44:05,1.882759E+01,1,78,2714,1329,2714
660,2017/11/30,09:44:05,1.882759E+01,1,55,2715,1330,2715
661,2017/11/30,09:44:05,1.882759E+01,1,36,2711,1332,2711
662,2017/11/30,09:44:05,1.882759E+01,1,14,2705,1333,2705
663,2017/11/30,09:44:05,1.882759E+01,2,-2,2705,1333,2705
664,2017/11/30,09:44:05,1.882759E+01,3,-8,2712,1333,2712
665,2017/11/30,09:44:05,1.882759E+01,2,-11,2720,1333,2720
666,2017/11/30,09:44:05,1.882759E+01,3,-18,2720,1335,2720
667,2017/11/30,09:44:05,1.882759E+01,2,-32,2715,1337,2715
668,2017/11/30,09:44:05,1.882759E+01,2,-43,2714,1339,2714
669,2017/11/30,09:44:05,1.882759E+01,3,-42,2719,1340,2719
670,2017/11/30,09:44:05,1.882759E+01,2,-35,2725,1344,2725
671,2017/11/30,09:44:05,1.882759E+01,2,-24,2731,1348,2731
672,2017/11/30,09:44:05,1.882759E+01,1,-8,2734,1353,2734
673,2017/11/30,09:44:05,1.882759E+01,1,7,2737,1358,2737
674,2017/11/30,09:44:05,1.882759E+01,1,19,2742,1361,2742
675,2017/11/30,09:44:05,1.882759E+01,2,20,2744,1365,2744
676,2017/11/30,09:44:05,1.882759E+01,2,18,2743,1370,2743
677,2017/11/30,09:44:05,1.882759E+01,1,18,2743,1377,2743
678,2017/11/30,09:44:05,1.882759E+01,1,20,2746,1383,2746
679,2017/11/30,09:44:05,1.882759E+01,2,25,2748,1390,2748
680,2017/11/30,09:44:05,1.882759E+01,4,41,2748,1395,2748
681,2017/11/30,09:44:05,1.882759E+01,5,59,2744,1399,2744
682,2017/11/30,09:44:05,1.882759E+01,4,74,2742,1400,2742
683,2017/11/30,09:44:05,1.882759E+01,2,76,2741,1396,2741
684,2017/11/30,09:44:05,1.882759E+01,2,62,2738,1392,2738
685,2017/11/30,09:44:05,1.882759E+01,3,37,2735,1392,2735
686,2017/11/30,09:44:05,1.882759E+01,3,5,2736,1393,2736
687,2017/11/30,09:44:05,1.882759E+01,2,-14,2741,1396,2741
688,2017/11/30,09:44:05,1.882759E+01,0,-27,2744,1398,2744
689,2017/11/30,09:44:05,1.882759E+01,0,-31,2741,1400,2741
690,2017/11/30,09:44:05,1.882759E+01,1,-27,2739,1400,2739
691,2017/11/30,09:44:05,1.882759E+01,3,-20,2742,1405,2742
692,2017/11/30,09:44:05,1.882759E+01,3,-14,2749,1413,2749
693,2017/11/30,09:44:05,1.882759E+01,2,-14,2749,1421,2749
694,2017/11/30,09:44:05,1.882759E+01,0,-14,2747,1422,2747
695,2017/11/30,09:44:05,1.882759E+01,0,-12,2742,1421,2742
696,2017/11/30,09:44:05,1.882759E+01,1,-6,2737,1418,2737
697,2017/11/30,09:44:05,1.882759E+01,2,3,2731,1415,2731
698,2017/11/30,09:44:05,1.882759E+01,2,16,2727,1417,2727
699,2017/11/30,09:44:05,1.882759E+01,2,27,2726,1419,2726
700,2017/11/30,09:44:05,1.882759E+01,3,36,2732,1420,2732
701,2017/11/30,09:44:05,1.882759E+01,5,40,2736,1417,2736
702,2017/11/30,09:44:05,1.882759E+01,5,38,2734,1413,2734
703,2017/11/30,09:44:05,1.882759E+01,3,32,2730,1410,2730
704,2017/11/30,09:44:05,1.882759E+01,1,26,2730,1406,2730
705,2017/11/30,09:44:05,1.882759E+01,-1,22,2735,1403,2735
706,2017/11/30,09:44:05,1.882759E+01,0,20,2741,1404,2741
707,2017/11/30,09:44:05,1.882759E+01,3,18,2747,1409,2747
708,2017/11/30,09:44:05,1.882759E+01,4,14,2754,1415,2754
709,2017/11/30,09:44:05,1.882759E+01,2,5,2761,1421,2761
710,2017/11/30,09:44:05,1.882759E+01,1,-13,2766,1426,2766
711,2017/11/30,09:44:05,1.882759E+01,1,-24,2765,1430,2765
712,2017/11/30,09:44:05,1.882759E+01,2,-24,2763,1434,2763
713,2017/11/30,09:44:05,1.882759E+01,4,-17,2761,1441,2761
714,2017/11/30,09:44:05,1.882759E+01,3,-7,2762,1451,2762
715,2017/11/30,09:44:05,1.882759E+01,2,1,2765,1462,2765
716,2017/11/30,09:44:05,1.882759E+01,0,9,2771,1467,2771
717,2017/11/30,09:44:05,1.882759E+01,-1,15,2777,1471,2777
718,2017/11/30,09:44:05,1.882759E+01,1,18,2776,1477,2776
719,2017/11/30,09:44:05,1.882759E+01,2,17,2772,1483,2772
720,2017/11/30,09:44:05,1.882759E+01,3,13,2771,1486,2771
721,2017/11/30,09:44:05,1.882759E+01,2,8,2779,1492,2779
722,2017/11/30,09:44:05,1.882759E+01,4,6,2790,1499,2790
723,2017/11/30,09:44:05,1.882759E+01,4,8,2793,1504,2793
724,2017/11/30,09:44:05,1.882759E+01,4,12,2791,1510,2791
725,2017/11/30,09:44:05,1.882759E+01,3,14,2789,1514,2789
726,2017/11/30,09:44:05,1.882759E+01,2,13,2790,1516,2790
727,2017/11/30,09:44:05,1.882759E+01,2,9,2791,1516,2791
728,2017/11/30,09:44:05,1.882759E+01,3,7,2791,1516,2791
729,2017/11/30,09:44:05,1.882759E+01,3,9,2793,1514,2793
730,2017/11/30,09:44:05,1.882759E+01,2,11,2793,1511,2793
731,2017/11/30,09:44:05,1.882759E+01,2,14,2788,1509,2788
732,2017/11/30,09:44:05,1.882759E+01,1,16,2785,1508,2785
733,2017/11/30,09:44:05,1.882759E+01,1,15,2787,1507,2787
734,2017/11/30,09:44:05,1.882759E+01,1,11,2792,1506,2792
735,2017/11/30,09:44:05,1.882759E+01,1,6,2796,1506,2796
736,2017/11/30,09:44:05,1.882759E+01,2,2,2794,1507,2794
737,2017/11/30,09:44:05,1.882759E+01,3,2,2795,1510,2795
738,2017/11/30,09:44:05,1.882759E+01,3,1,2797,1513,2797
739,2017/11/30,09:44:05,1.882759E+01,4,0,2798,1515,2798
740,2017/11/30,09:44:05,1.882759E+01,2,-3,2793,1517,2793
741,2017/11/30,09:44:05,1.882759E+01,1,-4,2786,1518,2786
742,2017/11/30,09:44:05,1.882759E+01,3,-4,2780,1518,2780
743,2017/11/30,09:44:05,1.882759E+01,2,-1,2774,1517,2774
744,2017/11/30,09:44:05,1.882759E+01,2,2,2764,1515,2764
745,2017/11/30,09:44:05,1.882759E+01,0,5,2753,1514,2753
746,2017/11/30,09:44:05,1.882759E+01,1,10,2748,1512,2748
747,2017/11/30,09:44:05,1.882759E+01,1,14,2754,1510,2754
748,2017/11/30,09:44:05,1.882759E+01,3,17,2758,1508,2758
749,2017/11/30,09:44:05,1.882759E+01,3,18,2756,1506,2756
750,2017/11/30,09:44:05,1.882759E+01,2,20,2753,1506,2753
751,2017/11/30,09:44:05,1.882759E+01,2,20,2755,1508,2755
752,2017/11/30,09:44:05,1.882759E+01,2,18,2762,1508,2762
753,2017/11/30,09:44:05,1.882759E+01,5,15,2767,1508,2767
754,2017/11/30,09:44:05,1.882759E+01,5,11,2764,1509,2764
755,2017/11/30,09:44:05,1.882759E+01,3,4,2760,1507,2760
756,2017/11/30,09:44:05,1.882759E+01,1,-4,2759,1508,2759
757,2017/11/30,09:44:05,1.882759E+01,2,-11,2761,1510,2761
758,2017/11/30,09:44:05,1.882759E+01,4,-12,2759,1513,2759
759,2017/11/30,09:44:05,1.882759E+01,4,-9,2754,1514,2754
760,2017/11/30,09:44:05,1.882759E+01,3,-5,2750,1512,2750
761,2017/11/30,09:44:05,1.882759E+01,1,-4,2749,1511,2749
762,2017/11/30,09:44:05,1.882759E+01,0,-3,2748,1511,2748
763,2017/11/30,09:44:05,1.882759E+01,1,1,2746,1512,2746
764,2017/11/30,09:44:05,1.882759E+01,2,10,2745,1512,2745
765,2017/11/30,09:44:05,1.882759E+01,2,17,2745,1515,2745
766,2017/11/30,09:44:05,1.882759E+01,-1,18,2745,1514,2745
767,2017/11/30,09:44:05,1.882759E+01,-1,15,2744,1514,2744
768,2017/11/30,09:44:05,1.882759E+01,1,13,2743,1512,2743
769,2017/11/30,09:44:05,1.882759E+01,3,14,2740,1509,2740
770,2017/11/30,09:44:05,1.882759E+01,5,14,2737,1507,2737
771,2017/11/30,09:44:05,1.882759E+01,4,12,2732,1503,2732
772,2017/11/30,09:44:05,1.882759E+01,1,7,2732,1501,2732
773,2017/11/30,09:44:05,1.882759E+01,1,3,2735,1501,2735
774,2017/11/30,09:44:05,1.882759E+01,1,3,2736,1503,2736
775,2017/11/30,09:44:05,1.882759E+01,2,5,2734,1507,2734
776,2017/11/30,09:44:05,1.882759E+01,2,9,2733,1510,2733
777,2017/11/30,09:44:05,1.882759E+01,1,11,2732,1513,2732
778,2017/11/30,09:44:05,1.882759E+01,0,11,2732,1516,2732
779,2017/11/30,09:44:05,1.882759E+01,1,11,2729,1520,2729
780,2017/11/30,09:44:05,1.882759E+01,3,11,2725,1524,2725
781,2017/11/30,09:44:05,1.882759E+01,3,9,2722,1526,2722
782,2017/11/30,09:44:05,1.882759E+01,2,6,2722,1525,2722
783,2017/11/30,09:44:05,1.882759E+01,1,6,2720,1525,2720
784,2017/11/30,09:44:05,1.882759E+01,1,6,2720,1525,2720
785,2017/11/30,09:44:05,1.882759E+01,1,7,2724,1525,2724
786,2017/11/30,09:44:05,1.882759E+01,3,7,2730,1525,2730
787,2017/11/30,09:44:05,1.882759E+01,3,5,2736,1529,2736
788,2017/11/30,09:44:05,1.882759E+01,4,2,2742,1533,2742
789,2017/11/30,09:44:05,1.882759E+01,3,2,2750,1538,2750
790,2017/11/30,09:44:05,1.882759E+01,3,4,2757,1542,2757
791,2017/11/30,09:44:05,1.882759E+01,3,5,2757,1547,2757
792,2017/11/30,09:44:05,1.882759E+01,2,5,2752,1549,2752
793,2017/11/30,09:44:05,1.882759E+01,1,5,2748,1548,2748
794,2017/11/30,09:44:05,1.882759E+01,0,6,2748,1548,2748
795,2017/11/30,09:44:05,1.882759E+01,0,7,2746,1547,2746
796,2017/11/30,09:44:05,1.882759E+01,1,7,2741,1544,2741
797,2017/11/30,09:44:05,1.882759E+01,2,6,2733,1543,2733
798,2017/11/30,09:44:05,1.882759E+01,2,6,2728,1541,2728
799,2017/11/30,09:44:05,1.882759E+01,2,7,2722,1540,2722
800,2017/11/30,09:44:05,1.882759E+01,2,11,2714,1539,2714
801,2017/11/30,09:44:05,1.882759E+01,0,12,2701,1538,2701
802,2017/11/30,09:44:05,1.882759E+01,1,12,2695,1539,2695
803,2017/11/30,09:44:05,1.882759E+01,1,10,2692,1538,2692
804,2017/11/30,09:44:05,1.882759E+01,1,7,2688,1541,2688
805,2017/11/30,09:44:05,1.882759E+01,1,5,2679,1585,2679
806,2017/11/30,09:44:05,1.882759E+01,0,4,2668,1647,2668
807,2017/11/30,09:44:05,1.882759E+01,0,4,2651,1741,2651
808,2017/11/30,09:44:05,1.882759E+01,2,4,2637,1851,2637
809,2017/11/30,09:44:05,1.882759E+01,4,5,2625,1978,2625
810,2017/11/30,09:44:05,1.882759E+01,4,8,2616,2120,2616
811,2017/11/30,09:44:05,1.882759E+01,2,13,2605,2304,2605
812,2017/11/30,09:44:05,1.882759E+01,1,16,2592,2465,2592
813,2017/11/30,09:44:05,1.882759E+01,1,13,2576,2630,2630
814,2017/11/30,09:44:05,1.882759E+01,3,10,2563,2803,2803
815,2017/11/30,09:44:05,1.882759E+01,2,7,2556,2969,2969
816,2017/11/30,09:44:05,1.882759E+01,1,7,2547,3134,3134
817,2017/11/30,09:44:05,1.882759E+01,2,6,2541,3357,3357
818,2017/11/30,09:44:05,1.882759E+01,3,3,2536,3545,3545
819,2017/11/30,09:44:05,1.882759E+01,4,-1,2532,3731,3731
820,2017/11/30,09:44:05,1.882759E+01,4,-1,2522,3915,3915
821,2017/11/30,09:44:05,1.882759E+01,2,1,2505,4094,4094
822,2017/11/30,09:44:05,1.882759E+01,0,3,2480,4256,4256
823,2017/11/30,09:44:05,1.882759E+01,1,3,2454,4426,4426
824,2017/11/30,09:44:05,1.882759E+01,1,1,2427,4548,4548
825,2017/11/30,09:44:05,1.882759E+01,2,0,2393,4674,4674
826,2017/11/30,09:44:05,1.882759E+01,2,0,2360,4799,4799
827,2017/11/30,09:44:05,1.882759E+01,2,2,2322,4909,4909
828,2017/11/30,09:44:05,1.882759E+01,2,7,2278,5000,5000
829,2017/11/30,09:44:05,1.882759E+01,4,12,2232,5000,5000
830,2017/11/30,09:44:05,1.882759E+01,3,16,2186,5000,5000
831,2017/11/30,09:44:05,1.882759E+01,2,18,2124,5000,5000
832,2017/11/30,09:44:05,1.882759E+01,2,19,2071,5000,5000
833,2017/11/30,09:44:05,1.882759E+01,2,22,2014,5000,5000
834,2017/11/30,09:44:05,1.882759E+01,3,26,1954,5000,5000
835,2017/11/30,09:44:05,1.882759E+01,2,25,1892,5000,5000
836,2017/11/30,09:44:05,1.882759E+01,2,17,1828,5000,5000
837,2017/11/30,09:44:05,1.882759E+01,2,8,1733,5000,5000
838,2017/11/30,09:44:05,1.882759E+01,3,0,1650,5000,5000
839,2017/11/30,09:44:05,1.882759E+01,4,-5,1565,5000,5000
840,2017/11/30,09:44:05,1.882759E+01,3,-7,1488,4997,4997
841,2017/11/30,09:44:05,1.882759E+01,1,-10,1414,4934,4934
842,2017/11/30,09:44:05,1.882759E+01,1,-11,1335,4875,4875
843,2017/11/30,09:44:05,1.882759E+01,1,-10,1226,4811,4811
844,2017/11/30,09:44:05,1.882759E+01,1,-6,1132,4749,4749
845,2017/11/30,09:44:05,1.882759E+01,3,0,1036,4683,4683
846,2017/11/30,09:44:05,1.882759E+01,4,6,938,4615,4615
847,2017/11/30,09:44:05,1.882759E+01,3,11,843,4529,4529
848,2017/11/30,09:44:05,1.882759E+01,3,16,745,4449,4449
849,2017/11/30,09:44:05,1.882759E+01,2,19,615,4366,4366
850,2017/11/30,09:44:05,1.882759E+01,2,18,504,4277,4277
851,2017/11/30,09:44:05,1.882759E+01,1,16,390,4182,4182
852,2017/11/30,09:44:05,1.882759E+01,2,13,277,4089,4089
853,2017/11/30,09:44:05,1.882759E+01,0,11,169,3967,3967
854,2017/11/30,09:44:05,1.882759E+01,2,10,57,3870,3870
855,2017/11/30,09:44:05,1.882759E+01,2,10,-103,3775,3775
856,2017/11/30,09:44:05,1.882759E+01,3,11,-210,3676,3676
857,2017/11/30,09:44:05,1.882759E+01,3,10,-242,3593,3593
858,2017/11/30,09:44:05,1.882759E+01,3,10,-207,3511,3511
859,2017/11/30,09:44:05,1.882759E+01,3,12,-160,3419,3419
860,2017/11/30,09:44:05,1.882759E+01,3,18,-142,3365,3365
861,2017/11/30,09:44:05,1.882759E+01,2,20,-117,3322,3322
862,2017/11/30,09:44:05,1.882759E+01,2,19,-78,3293,3293
863,2017/11/30,09:44:05,1.882759E+01,2,13,-51,3278,3278
864,2017/11/30,09:44:05,1.882759E+01,1,4,-55,3282,3282
865,2017/11/30,09:44:05,1.882759E+01,3,-6,-56,3295,3295
866,2017/11/30,09:44:05,1.882759E+01,2,-20,-18,3308,3308
867,2017/11/30,09:44:05,1.882759E+01,3,-28,62,3309,3309
868,2017/11/30,09:44:05,1.882759E+01,1,-28,112,3319,3319
869,2017/11/30,09:44:05,1.882759E+01,1,-20,136,3344,3344
870,2017/11/30,09:44:05,1.882759E+01,1,-7,164,3377,3377
871,2017/11/30,09:44:05,1.882759E+01,1,3,214,3432,3432
872,2017/11/30,09:44:05,1.882759E+01,0,15,271,3482,3482
873,2017/11/30,09:44:05,1.882759E+01,1,30,317,3540,3540
874,2017/11/30,09:44:05,1.882759E+01,1,55,335,3586,3586
875,2017/11/30,09:44:05,1.882759E+01,3,81,349,3619,3619
876,2017/11/30,09:44:05,1.882759E+01,3,94,360,3635,3635
877,2017/11/30,09:44:05,1.882759E+01,2,86,352,3650,3650
878,2017/11/30,09:44:05,1.882759E+01,-2,52,327,3662,3662
879,2017/11/30,09:44:05,1.882759E+01,-2,18,296,3670,3670
880,2017/11/30,09:44:05,1.882759E+01,-1,-13,290,3680,3680
881,2017/11/30,09:44:05,1.882759E+01,2,-37,290,3676,3676
882,2017/11/30,09:44:05,1.882759E+01,2,-48,290,3649,3649
883,2017/11/30,09:44:05,1.882759E+01,1,-44,285,3601,3601
884,2017/11/30,09:44:05,1.882759E+01,1,-27,296,3557,3557
885,2017/11/30,09:44:05,1.882759E+01,2,-10,306,3500,3500
886,2017/11/30,09:44:05,1.882759E+01,0,10,295,3447,3447
887,2017/11/30,09:44:05,1.882759E+01,1,39,258,3414,3414
888,2017/11/30,09:44:05,1.882759E+01,-1,63,214,3405,3405
889,2017/11/30,09:44:05,1.882759E+01,0,74,170,3410,3410
890,2017/11/30,09:44:05,1.882759E+01,1,65,128,3414,3414
891,2017/11/30,09:44:05,1.882759E+01,5,54,63,3418,3418
892,2017/11/30,09:44:05,1.882759E+01,2,43,8,3423,3423
893,2017/11/30,09:44:05,1.882759E+01,0,25,-49,3424,3424
894,2017/11/30,09:44:05,1.882759E+01,-3,-2,-93,3423,3423
895,2017/11/30,09:44:05,1.882759E+01,-3,-29,-113,3417,3417
896,2017/11/30,09:44:05,1.882759E+01,1,-42,-109,3411,3411
897,2017/11/30,09:44:05,1.882759E+01,2,-35,-85,3414,3414
898,2017/11/30,09:44:05,1.882759E+01,4,-20,-72,3425,3425
899,2017/11/30,09:44:05,1.882759E+01,3,-3,-59,3442,3442
900,2017/11/30,09:44:05,1.882759E+01,1,19,-46,3461,3461
901,2017/11/30,09:44:05,1.882759E+01,3,42,-42,3483,3483
902,2017/11/30,09:44:05,1.882759E+01,2,57,-45,3497,3497
903,2017/11/30,09:44:05,1.882759E+01,2,48,-57,3508,3508
904,2017/11/30,09:44:05,1.882759E+01,2,29,-58,3511,3511
905,2017/11/30,09:44:05,1.882759E+01,1,5,-48,3507,3507
906,2017/11/30,09:44:05,1.882759E+01,4,-14,-27,3500,3500
907,2017/11/30,09:44:05,1.882759E+01,4,-28,12,3493,3493
908,2017/11/30,09:44:05,1.882759E+01,6,-35,53,3490,3490
909,2017/11/30,09:44:05,1.882759E+01,3,-29,92,3479,3479
910,2017/11/30,09:44:05,1.882759E+01,4,-14,107,3458,3458
911,2017/11/30,09:44:05,1.882759E+01,3,6,122,3436,3436
912,2017/11/30,09:44:05,1.882759E+01,1,28,137,3414,3414
913,2017/11/30,09:44:05,1.882759E+01,1,50,142,3389,3389
914,2017/11/30,09:44:05,1.882759E+01,-1,73,135,3370,3370
915,2017/11/30,09:44:05,1.882759E+01,1,81,123,3361,3361
916,2017/11/30,09:44:05,1.882759E+01,0,78,123,3363,3363
917,2017/11/30,09:44:05,1.882759E+01,2,66,125,3371,3371
918,2017/11/30,09:44:06,1.882759E+01,1,45,121,3380,3380
919,2017/11/30,09:44:06,1.882759E+01,2,20,109,3385,3385
920,2017/11/30,09:44:06,1.882759E+01,1,-8,104,3385,3385
921,2017/11/30,09:44:06,1.882759E+01,2,-19,97,3378,3378
922,2017/11/30,09:44:06,1.882759E+01,2,-21,86,3368,3368
923,2017/11/30,09:44:06,1.882759E+01,0,-15,64,3358,3358
924,2017/11/30,09:44:06,1.882759E+01,2,-7,41,3356,3356
925,2017/11/30,09:44:06,1.882759E+01,1,2,13,3365,3365
926,2017/11/30,09:44:06,1.882759E+01,5,10,-25,3374,3374
927,2017/11/30,09:44:06,1.882759E+01,4,9,-78,3381,3381
928,2017/11/30,09:44:06,1.882759E+01,5,2,-105,3382,3382
929,2017/11/30,09:44:06,1.882759E+01,4,-7,-107,3381,3381
930,2017/11/30,09:44:06,1.882759E+01,3,-15,-94,3379,3379
931,2017/11/30,09:44:06,1.882759E+01,4,-19,-78,3373,3373
932,2017/11/30,09:44:06,1.882759E+01,1,-17,-57,3365,3365
933,2017/11/30,09:44:06,1.882759E+01,3,-12,-31,3356,3356
934,2017/11/30,09:44:06,1.882759E+01,2,-5,-9,3351,3351
935,2017/11/30,09:44:06,1.882759E+01,1,1,7,3347,3347
936,2017/11/30,09:44:06,1.882759E+01,2,7,18,3347,3347
937,2017/11/30,09:44:06,1.882759E+01,1,11,35,3346,3346
938,2017/11/30,09:44:06,1.882759E+01,3,15,48,3345,3345
939,2017/11/30,09:44:06,1.882759E+01,2,16,60,3342,3342
940,2017/11/30,09:44:06,1.882759E+01,2,16,62,3342,3342
941,2017/11/30,09:44:06,1.882759E+01,2,12,67,3339,3339
942,2017/11/30,09:44:06,1.882759E+01,0,7,69,3339,3339
943,2017/11/30,09:44:06,1.882759E+01,2,4,68,3338,3338
944,2017/11/30,09:44:06,1.882759E+01,1,3,68,3340,3340
945,2017/11/30,09:44:06,1.882759E+01,2,4,66,3340,3340
946,2017/11/30,09:44:06,1.882759E+01,0,6,63,3339,3339
947,2017/11/30,09:44:06,1.882759E+01,2,8,49,3336,3336
948,2017/11/30,09:44:06,1.882759E+01,2,12,26,3331,3331
949,2017/11/30,09:44:06,1.882759E+01,2,14,-4,3320,3320
950,2017/11/30,09:44:06,1.882759E+01,3,11,-33,3307,3307
951,2017/11/30,09:44:06,1.882759E+01,3,5,-55,3290,3290
952,2017/11/30,09:44:06,1.882759E+01,5,-4,-57,3272,3272
953,2017/11/30,09:44:06,1.882759E+01,3,-12,-47,3254,3254
954,2017/11/30,09:44:06,1.882759E+01,3,-17,-34,3240,3240
955,2017/11/30,09:44:06,1.882759E+01,3,-19,-23,3231,3231
956,2017/11/30,09:44:06,1.882759E+01,2,-16,-15,3230,3230
957,2017/11/30,09:44:06,1.882759E+01,3,-9,-10,3231,3231
958,2017/11/30,09:44:06,1.882759E+01,1,-1,-7,3232,3232
959,2017/11/30,09:44:06,1.882759E+01,2,6,-12,3234,3234
960,2017/11/30,09:44:06,1.882759E+01,1,11,-13,3234,3234
961,2017/11/30,09:44:06,1.882759E+01,1,15,-11,3234,3234
962,2017/11/30,09:44:06,1.882759E+01,1,15,-8,3232,3232
963,2017/11/30,09:44:06,1.882759E+01,1,12,-3,3230,3230
964,2017/11/30,09:44:06,1.882759E+01,2,8,1,3228,3228
965,2017/11/30,09:44:06,1.882759E+01,2,5,8,3229,3229
966,2017/11/30,09:44:06,1.882759E+01,2,3,11,3232,3232
967,2017/11/30,09:44:06,1.882759E+01,3,3,15,3235,3235
968,2017/11/30,09:44:06,1.882759E+01,1,4,21,3234,3234
969,2017/11/30,09:44:06,1.882759E+01,3,5,28,3230,3230
970,2017/11/30,09:44:06,1.882759E+01,1,7,32,3223,3223
971,2017/11/30,09:44:06,1.882759E+01,2,10,25,3216,3216
972,2017/11/30,09:44:06,1.882759E+01,0,10,16,3209,3209
973,2017/11/30,09:44:06,1.882759E+01,1,7,5,3203,3203
974,2017/11/30,09:44:06,1.882759E+01,2,0,-2,3197,3197
975,2017/11/30,09:44:06,1.882759E+01,2,-4,-6,3188,3188
976,2017/11/30,09:44:06,1.882759E+01,3,-6,-7,3176,3176
977,2017/11/30,09:44:06,1.882759E+01,2,-4,-4,3164,3164
978,2017/11/30,09:44:06,1.882759E+01,3,1,-7,3153,3153
979,2017/11/30,09:44:06,1.882759E+01,3,6,-7,3142,3142
980,2017/11/30,09:44:06,1.882759E+01,2,10,-7,3139,3139
981,2017/11/30,09:44:06,1.882759E+01,2,11,-5,3137,3137
982,2017/11/30,09:44:06,1.882759E+01,1,11,-1,3138,3138
983,2017/11/30,09:44:06,1.882759E+01,2,11,-1,3134,3134
984,2017/11/30,09:44:06,1.882759E+01,1,9,4,3130,3130
985,2017/11/30,09:44:06,1.882759E+01,3,7,8,3125,3125
986,2017/11/30,09:44:06,1.882759E+01,3,4,15,3122,3122
987,2017/11/30,09:44:06,1.882759E+01,2,2,22,3122,3122
988,2017/11/30,09:44:06,1.882759E+01,2,0,24,3123,3123
989,2017/11/30,09:44:06,1.882759E+01,1,0,25,3125,3125
990,2017/11/30,09:44:06,1.882759E+01,2,2,20,3125,3125
991,2017/11/30,09:44:06,1.882759E+01,0,7,15,3122,3122
992,2017/11/30,09:44:06,1.882759E+01,0,13,8,3115,3115
993,2017/11/30,09:44:06,1.882759E+01,0,15,-1,3108,3108
994,2017/11/30,09:44:06,1.882759E+01,0,13,-9,3100,3100
995,2017/11/30,09:44:06,1.882759E+01,3,9,-18,3092,3092
996,2017/11/30,09:44:06,1.882759E+01,1,4,-18,3086,3086
997,2017/11/30,09:44:06,1.882759E+01,4,0,-16,3080,3080
998,2017/11/30,09:44:06,1.882759E+01,2,-3,-9,3079,3079
999,2017/11/30,09:44:06,1.882759E+01,3,-4,-2,3079,3079
1000,2017/11/30,09:44:06,1.882759E+01,2,-3,6,3076,3076
1001,2017/11/30,09:44:06,1.882759E+01,1,0,15,3069,3069
1002,2017/11/30,09:44:06,1.882759E+01,3,4,20,3056,3056
1003,2017/11/30,09:44:06,1.882759E+01,2,7,22,3034,3034
1004,2017/11/30,09:44:06,1.882759E+01,3,10,19,3017,3017
1005,2017/11/30,09:44:06,1.882759E+01,2,9,17,3000,3000
1006,2017/11/30,09:44:06,1.882759E+01,1,8,16,2986,2986
1007,2017/11/30,09:44:06,1.882759E+01,2,8,14,2976,2976
1008,2017/11/30,09:44:06,1.882759E+01,0,9,12,2967,2967
1009,2017/11/30,09:44:06,1.882759E+01,2,10,9,2956,2956
1010,2017/11/30,09:44:06,1.882759E+01,1,9,8,2947,2947
1011,2017/11/30,09:44:06,1.882759E+01,2,8,3,2938,2938
1012,2017/11/30,09:44:06,1.882759E+01,1,7,0,2931,2931
1013,2017/11/30,09:44:06,1.882759E+01,2,5,-2,2921,2921
1014,2017/11/30,09:44:06,1.882759E+01,4,4,-5,2912,2912
1015,2017/11/30,09:44:06,1.882759E+01,2,3,-5,2906,2906
1016,2017/11/30,09:44:06,1.882759E+01,3,3,-7,2907,2907
1017,2017/11/30,09:44:06,1.882759E+01,1,3,-3,2910,2910
1018,2017/11/30,09:44:06,1.882759E+01,2,0,-2,2912,2912
1019,2017/11/30,09:44:06,1.882759E+01,2,-1,2,2911,2911
1020,2017/11/30,09:44:06,1.882759E+01,1,-4,10,2904,2904
1021,2017/11/30,09:44:06,1.882759E+01,2,-4,16,2895,2895
1022,2017/11/30,09:44:06,1.882759E+01,1,1,23,2888,2888
1023,2017/11/30,09:44:06,1.882759E+01,3,8,22,2883,2883
1024,2017/11/30,09:44:06,1.882759E+01,3,12,24,2876,2876
1025,2017/11/30,09:44:06,1.882759E+01,3,15,21,2867,2867
1026,2017/11/30,09:44:06,1.882759E+01,2,18,15,2856,2856
1027,2017/11/30,09:44:06,1.882759E+01,1,20,7,2833,2833
1028,2017/11/30,09:44:06,1.882759E+01,1,18,0,2814,2814
1029,2017/11/30,09:44:06,1.882759E+01,1,14,0,2807,2807
1030,2017/11/30,09:44:06,1.882759E+01,2,9,-2,2802,2802
1031,2017/11/30,09:44:06,1.882759E+01,1,3,-2,2798,2798
1032,2017/11/30,09:44:06,1.882759E+01,2,-3,-5,2793,2793
1033,2017/11/30,09:44:06,1.882759E+01,3,-7,-9,2789,2789
1034,2017/11/30,09:44:06,1.882759E+01,2,-10,-9,2784,2784
1035,2017/11/30,09:44:06,1.882759E+01,3,-9,-10,2775,2775
1036,2017/11/30,09:44:06,1.882759E+01,1,-6,-9,2768,2768
1037,2017/11/30,09:44:06,1.882759E+01,1,-4,-9,2763,2763
1038,2017/11/30,09:44:06,1.882759E+01,0,-3,-4,2759,2759
1039,2017/11/30,09:44:06,1.882759E+01,0,-2,2,2757,2757
1040,2017/11/30,09:44:06,1.882759E+01,2,3,7,2760,2760
1041,2017/11/30,09:44:06,1.882759E+01,2,9,10,2764,2764
1042,2017/11/30,09:44:06,1.882759E+01,3,14,10,2767,2767
1043,2017/11/30,09:44:06,1.882759E+01,3,17,15,2767,2767
1044,2017/11/30,09:44:06,1.882759E+01,3,17,19,2766,2766
1045,2017/11/30,09:44:06,1.882759E+01,3,19,24,2763,2763
1046,2017/11/30,09:44:06,1.882759E+01,1,23,27,2760,2760
1047,2017/11/30,09:44:06,1.882759E+01,2,23,22,2755,2755
1048,2017/11/30,09:44:06,1.882759E+01,1,20,15,2745,2745
1049,2017/11/30,09:44:06,1.882759E+01,3,13,4,2729,2729
1050,2017/11/30,09:44:06,1.882759E+01,1,9,-3,2708,2708
1051,2017/11/30,09:44:06,1.882759E+01,1,5,-9,2674,2674
1052,2017/11/30,09:44:06,1.882759E+01,2,-1,-12,2641,2641
1053,2017/11/30,09:44:06,1.882759E+01,2,-7,-13,2607,2607
1054,2017/11/30,09:44:06,1.882759E+01,4,-12,-15,2567,2567
1055,2017/11/30,09:44:06,1.882759E+01,2,-13,-12,2526,2526
1056,2017/11/30,09:44:06,1.882759E+01,2,-9,-10,2479,2479
1057,2017/11/30,09:44:06,1.882759E+01,1,-5,-4,2411,2411
1058,2017/11/30,09:44:06,1.882759E+01,1,2,0,2359,2359
1059,2017/11/30,09:44:06,1.882759E+01,1,8,4,2304,2304
1060,2017/11/30,09:44:06,1.882759E+01,-1,10,9,2249,2249
1061,2017/11/30,09:44:06,1.882759E+01,1,9,12,2192,2192
1062,2017/11/30,09:44:06,1.882759E+01,1,7,17,2131,2131
1063,2017/11/30,09:44:06,1.882759E+01,2,6,19,2051,2051
1064,2017/11/30,09:44:06,1.882759E+01,2,9,19,1979,1979
1065,2017/11/30,09:44:06,1.882759E+01,1,12,19,1902,1902
1066,2017/11/30,09:44:06,1.882759E+01,2,13,16,1823,1823
1067,2017/11/30,09:44:06,1.882759E+01,0,13,15,1743,1743
1068,2017/11/30,09:44:06,1.882759E+01,3,12,12,1659,1659
1069,2017/11/30,09:44:06,1.882759E+01,2,9,9,1550,1550
1070,2017/11/30,09:44:06,1.882759E+01,2,8,3,1456,1456
1071,2017/11/30,09:44:06,1.882759E+01,3,7,-5,1360,1360
1072,2017/11/30,09:44:06,1.882759E+01,3,4,-9,1260,1260
1073,2017/11/30,09:44:06,1.882759E+01,5,0,-11,1156,1156
1074,2017/11/30,09:44:06,1.882759E+01,3,-3,-8,1049,1049
1075,2017/11/30,09:44:06,1.882759E+01,3,-5,-8,909,909
1076,2017/11/30,09:44:06,1.882759E+01,0,-6,-5,792,792
1077,2017/11/30,09:44:06,1.882759E+01,1,-6,-2,675,675
1078,2017/11/30,09:44:06,1.882759E+01,2,-4,-1,556,556
1079,2017/11/30,09:44:06,1.882759E+01,0,-2,2,434,434
1080,2017/11/30,09:44:06,1.882759E+01,2,-1,3,311,311
1081,2017/11/30,09:44:06,1.882759E+01,1,1,7,156,156
1082,2017/11/30,09:44:06,1.882759E+01,2,2,7,58,58
1083,2017/11/30,09:44:06,1.882759E+01,1,2,8,10,10
1084,2017/11/30,09:44:06,1.882759E+01,1,3,10,-15,-15
1085,2017/11/30,09:44:06,1.882759E+01,2,4,11,-6,-6
1086,2017/11/30,09:44:06,1.882759E+01,0,7,14,-7,-7
1087,2017/11/30,09:44:06,1.882759E+01,1,10,14,-10,-10
1088,2017/11/30,09:44:06,1.882759E+01,0,11,17,-6,-6
1089,2017/11/30,09:44:06,1.882759E+01,1,13,17,-17,-17
1090,2017/11/30,09:44:06,1.882759E+01,3,15,15,-8,-8
1091,2017/11/30,09:44:06,1.882759E+01,2,21,5,0,0
1092,2017/11/30,09:44:06,1.882759E+01,5,28,-14,5,5
1093,2017/11/30,09:44:06,1.882759E+01,3,27,-37,25,25
1094,2017/11/30,09:44:06,1.882759E+01,4,15,-56,43,43
1095,2017/11/30,09:44:06,1.882759E+01,2,3,-56,72,72
1096,2017/11/30,09:44:06,1.882759E+01,2,-4,-40,107,107
1097,2017/11/30,09:44:06,1.882759E+01,2,-6,-19,131,131
1098,2017/11/30,09:44:06,1.882759E+01,2,-8,4,144,144
1099,2017/11/30,09:44:06,1.882759E+01,3,-11,25,141,141
1100,2017/11/30,09:44:06,1.882759E+01,2,-12,49,124,124
1101,2017/11/30,09:44:06,1.882759E+01,2,-8,68,110,110
1102,2017/11/30,09:44:06,1.882759E+01,1,1,76,99,99
1103,2017/11/30,09:44:06,1.882759E+01,1,10,77,78,78
1104,2017/11/30,09:44:06,1.882759E+01,2,17,72,58,58
1105,2017/11/30,09:44:06,1.882759E+01,1,22,59,39,39
1106,2017/11/30,09:44:06,1.882759E+01,4,23,34,28,28
1107,2017/11/30,09:44:06,1.882759E+01,2,20,0,18,18
1108,2017/11/30,09:44:06,1.882759E+01,3,15,-27,6,6
1109,2017/11/30,09:44:06,1.882759E+01,2,7,-45,-2,-2
1110,2017/11/30,09:44:06,1.882759E+01,2,3,-46,-3,-3
1111,2017/11/30,09:44:06,1.882759E+01,4,2,-30,-2,-2
1112,2017/11/30,09:44:06,1.882759E+01,2,3,-5,-3,-3
1113,2017/11/30,09:44:06,1.882759E+01,5,7,15,-3,-3
1114,2017/11/30,09:44:06,1.882759E+01,3,11,24,-2,-2
1115,2017/11/30,09:44:06,1.882759E+01,3,15,22,-4,-4
1116,2017/11/30,09:44:06,1.882759E+01,2,17,16,-4,-4
1117,2017/11/30,09:44:06,1.882759E+01,1,15,4,-1,-1
1118,2017/11/30,09:44:06,1.882759E+01,3,5,-12,5,5
1119,2017/11/30,09:44:06,1.882759E+01,2,-4,-28,17,17
1120,2017/11/30,09:44:06,1.882759E+01,3,-13,-37,28,28
1121,2017/11/30,09:44:06,1.882759E+01,2,-16,-35,32,32
1122,2017/11/30,09:44:06,1.882759E+01,2,-16,-24,31,31
1123,2017/11/30,09:44:06,1.882759E+01,3,-13,-7,15,15
1124,2017/11/30,09:44:06,1.882759E+01,2,-4,14,5,5
1125,2017/11/30,09:44:06,1.882759E+01,2,5,31,0,0
1126,2017/11/30,09:44:06,1.882759E+01,0,16,39,-2,-2
1127,2017/11/30,09:44:06,1.882759E+01,2,26,41,1,1
1128,2017/11/30,09:44:06,1.882759E+01,2,31,39,2,2
1129,2017/11/30,09:44:06,1.882759E+01,1,33,32,5,5
1130,2017/11/30,09:44:06,1.882759E+01,3,31,19,10,10
1131,2017/11/30,09:44:06,1.882759E+01,2,26,1,15,15
1132,2017/11/30,09:44:06,1.882759E+01,3,20,-15,20,20
1133,2017/11/30,09:44:06,1.882759E+01,2,11,-26,22,22
1134,2017/11/30,09:44:06,1.882759E+01,2,0,-31,16,16
1135,2017/11/30,09:44:06,1.882759E+01,2,-6,-22,7,7
1136,2017/11/30,09:44:06,1.882759E+01,1,-9,-7,3,3
1137,2017/11/30,09:44:06,1.882759E+01,2,-6,4,0,0
1138,2017/11/30,09:44:06,1.882759E+01,1,-1,7,1,1
1139,2017/11/30,09:44:06,1.882759E+01,2,4,4,0,0
1140,2017/11/30,09:44:06,1.882759E+01,3,6,5,-2,-2
